{"n_estimators": 200, "learning_rate": 0.05, "max_depth": 5, "train_score": 2264196838.5772223, "feature_importances": [0.04757345921653522, 0.2221667052966108, 0.010395379981511027, 0.5816440714450618, 0.031721371807801414, 0.07784731912973968, 0.028651693122740286], "estimators_count": 200}